cycle,days,st,special,result,polls,w_polls,mu,sd,p,mu_polls,p_polls,mu_fund,p_fund,p_538classic,p_538deluxe,p_538lite,share_538classic,share_538deluxe,share_538lite
2018,35,AZ,False,2.402957486136784,18,0.7173682068373041,2.3546634759913747,5.881769831402829,0.6718980106619199,2.3207109415622256,0.6549412102973807,2.4408408605965106,0.6153623028838866,0.66782,0.64184,0.69618,50.36384,50.09736,50.54721
2018,35,CT,False,18.146665446729493,2,0.5289015552263824,25.38854804938974,6.865288040705254,0.9986382848436203,23.14532555367647,0.9924999104333168,27.90701076108834,0.995776521298823,0.99892,0.99932,0.99652,62.01686,62.30949,60.47531
2018,35,DE,False,22.63900798844609,2,0.5395980341510369,27.13614857231721,6.81326947338569,0.999121108324812,30.052070679967123,0.9982181447020744,23.7186439703894,0.9907719791067237,0.99832,0.99888,0.99372,62.16909,62.44334,59.16685
2018,35,FL,False,-0.12251835607793257,43,0.7391230064929721,4.518623485769391,5.757435921667409,0.8043584715963605,0.9843329852105436,0.5697056200507041,14.532060797642707,0.9457868266741419,0.62138,0.61002,0.58932,51.00048,50.87166,50.67368
2018,35,HI,False,42.30219569410147,0,0.0,49.87109796023795,9.072770557533582,0.9998893567490627,,0.9998703482302571,49.87109796023795,0.9998703482302571,1.0,1.0,0.99956,76.22613,76.42764,74.66943
2018,35,IN,False,-6.162903216195068,6,0.5648583281431707,1.3341681615399281,6.688819362598526,0.5881880090651741,2.183075087967799,0.616979622085112,0.23220027791931575,0.511161989078182,0.7384,0.69064,0.65552,51.1062,50.56384,50.16659
2018,35,MA,False,25.038879177334596,7,0.5503437789638158,37.13930332832138,6.7606083116016515,0.9998889034376566,33.335366439947926,0.9991176279037901,41.79502230684041,0.999586960973122,0.99882,0.99926,0.99698,63.52341,63.75503,61.69751
2018,35,MD,False,36.305663220524615,1,0.48214144615687415,46.084061792675286,7.088208694564247,0.9999655997023272,53.19984289889524,0.9999132305122367,39.45906165001482,0.9994075611287655,0.99988,0.9999,0.99786,66.41806,66.62273,63.61797
2018,35,MI,False,6.637138311355607,13,0.7193386208180854,19.538798761755338,5.870616894269513,0.9975373146212801,19.78161076910183,0.9961631151698574,18.91646855375944,0.97672748370944,0.99474,0.9946,0.9965,58.08993,57.78756,58.21848
2018,35,MN,False,24.963466608899427,5,0.557904213005091,22.268468353721218,6.723310061055665,0.9974714231663918,26.272391220076493,0.9968234886351554,17.215704899739812,0.9676328411180803,0.99874,0.99918,0.99754,60.27551,60.66258,59.92839
2018,35,MN,True,11.14061979867146,6,0.5569358970249184,9.832189027509283,6.728098645809563,0.9350000071023303,9.90987668398433,0.8976021862659633,9.73453488591631,0.8696444282939715,0.895,0.91572,0.8665,52.78648,53.10051,51.87887
2018,35,MO,False,-5.99663324974175,26,0.7267293379763381,0.8336572061449772,5.828593815518445,0.5635406764512754,0.4518223246241124,0.5315423923969631,1.849099583343536,0.5880295822673572,0.61556,0.60672,0.55054,49.57671,49.46442,48.98849
2018,35,MS,False,-19.412856279969386,3,0.5496577953357029,-18.086432856845754,6.763982330181353,0.007471992758715156,-21.59566195717479,0.00887835006211767,-13.803300806069807,0.06223458433124564,0.02038,0.01242,0.0744,40.09375,39.36333,41.86789
2018,35,MS,True,-7.266512999290427,0,0.0,-8.13564742380802,9.072770557533582,0.16537464328366583,,0.17069436762177542,-8.13564742380802,0.17069436762177542,0.15118,0.14888,0.24664,38.3852,38.40639,39.35887
2018,35,MT,False,3.656915843777241,9,0.7110001691627466,1.8296028567220972,5.91767046099949,0.6348393373752632,4.2812771578401225,0.7641575719892231,-4.20202988775692,0.30776077526545026,0.82192,0.83584,0.75548,52.12033,52.20641,51.24063
2018,35,ND,False,-10.90541074249605,6,0.5576702675082434,-10.222656276585072,6.724467297300941,0.05863290354755607,-7.140001002392298,0.17427054277297854,-14.10913522004343,0.0587416136728293,0.4685,0.47504,0.26362,49.65071,49.72802,47.46772
2018,35,NE,False,-19.795028139801627,2,0.35858567863121177,-23.30388300525678,7.646027613801712,0.00392671479333859,-18.166772987561743,0.05420293390332206,-26.175808405935886,0.0058119535476097725,0.03508,0.01934,0.07134,40.75878,39.5943,41.34388
2018,35,NJ,False,11.544410589867935,7,0.5546669790392782,16.17088073525074,6.739305732851097,0.9878645850624822,6.0917832484844485,0.7888208146728415,28.72450306122716,0.996360053491331,0.92484,0.94902,0.78684,54.38204,55.06384,51.52456
2018,35,NM,False,27.83688334059555,8,0.5720263932642676,33.806015003254736,6.653080385598048,0.9998123305116179,42.52216624856062,0.9998493843097018,22.15607098444779,0.9875602290585838,0.99196,0.99432,0.99238,50.76674,51.24371,50.70937
2018,35,NV,False,5.247548248472789,13,0.575789181409129,-0.037519098289867436,6.634242588126591,0.4974747753927982,-0.017411732421902748,0.49903420435973556,-0.06481119746797717,0.4968840428477667,0.5496,0.559,0.5696,48.99804,49.06464,49.21288
2018,35,NY,False,36.91353586849846,6,0.565115776719146,34.56284945298859,6.687539066434374,0.9998323804878543,27.58743714184098,0.9977024043878562,43.627136762405954,0.9996861478968034,0.99978,0.99992,0.99926,66.56059,66.7757,65.1488
2018,35,OH,False,6.84734253901348,15,0.7167502741036531,11.972181925994684,5.885263100810589,0.9766216791976456,14.207647578254086,0.982343584790829,6.315439932914819,0.7725189985134472,0.9559,0.96646,0.9726,55.89284,56.14581,56.16306
2018,35,PA,False,13.085564092459117,14,0.5730665151966344,14.23742539850192,6.647878519720849,0.9807340022059563,16.304240469753175,0.975875531129486,11.463170034148485,0.9040390133089793,0.97572,0.98396,0.9861,56.10839,56.57994,56.65103
2018,35,RI,False,23.15947411265822,2,0.5086171872208656,29.692520586678278,6.962866756090982,0.9994210054503694,22.69718430963862,0.9904874689417746,36.9332057884442,0.9991129038802677,0.9982,0.99894,0.98848,64.99801,65.23253,61.53191
2018,35,TN,False,-10.93720415394411,22,0.7148286342667994,-5.320631029139449,5.896113202622226,0.1639378396526153,-0.9237726954661056,0.43692002873855385,-16.34207502876186,0.038321482619217674,0.39546,0.36946,0.53884,47.34084,47.12924,48.69805
2018,35,TX,False,-2.5874814972216487,24,0.7144772002470428,-6.491338401057677,5.898095335865989,0.11974572510368266,-5.1810773322847155,0.19248055775543377,-9.770066617576946,0.1295559905711497,0.2852,0.25788,0.26672,47.29932,47.08637,47.07371
2018,35,UT,False,-33.87894010199687,6,0.5368442173798317,-32.797205566258725,6.826699581330796,0.0002712889744873551,-43.48774435696238,0.00018713523164703893,-20.405793981162127,0.01743557726017549,0.00114,0.0009,0.0016,28.489,28.66478,26.78495
2018,35,VA,False,16.319900580969303,8,0.5508305528478422,16.12165345752691,6.75821308676041,0.9875578732206252,15.61610552787624,0.9683420766049731,16.741622708209775,0.9645238447274004,0.98492,0.99308,0.97544,57.00253,58.26491,56.11549
2018,35,WA,False,16.867519849859114,1,0.4231633485028684,23.711522087474094,7.359753814344921,0.9970651148610511,17.810328307111895,0.9593074470157358,28.040596728936585,0.9958782886752287,0.9941,0.996,0.96746,61.37173,61.80177,58.70799
2018,35,WI,False,10.837125004562045,9,0.5687892611054084,11.722531876173441,6.669243992289592,0.9615485683924903,11.611497152820373,0.9309734268397689,11.868992417520193,0.9108634369399251,0.9722,0.96886,0.96458,56.82305,56.46929,56.3142
2018,35,WV,False,3.3894179136536122,16,0.5695833177904258,0.7492912154731366,6.665282746892085,0.550038581772287,10.177726653640285,0.9068941555200447,-11.727640465881233,0.09146320839937948,0.87768,0.87136,0.8712,52.97433,52.7325,53.41372
2018,35,WY,False,-37.97819051140364,0,0.0,-48.491095006629685,9.072770557533582,0.00013381063271796298,,0.00015658607346363693,-48.491095006629685,0.00015658607346363693,0.00024,0.00024,0.0015,26.72093,26.92099,26.30635
2018,14,AZ,False,2.402957486136784,27,0.7614195942264343,2.685420928558189,5.536569454242919,0.7046167672321497,2.417813548773988,0.6737766136645622,3.5394789215715554,0.6653609692335736,0.63646,0.62172,0.65536,49.99064,49.83722,50.08439
2018,14,CT,False,18.146665446729493,3,0.5692454222546467,22.977803450050267,6.5906898191740035,0.9980947412276611,18.41646332077601,0.9850328494476233,29.00564882206338,0.9966717904405099,0.99488,0.99668,0.97132,60.28036,60.74946,56.8614
2018,14,DE,False,22.63900798844609,2,0.5397445582278042,27.90432914310123,6.737923649377385,0.9993064945536494,30.536741476908073,0.9984385586844082,24.817282031364442,0.9927594057798761,0.99852,0.99902,0.99404,62.26228,62.54196,59.19392
2018,14,FL,False,-0.12251835607793257,54,0.7810421537917215,5.167774052690428,5.417406372635935,0.8486420528925508,2.234591164387659,0.6663798850060652,15.630698858617752,0.9570215928135971,0.68486,0.65632,0.68038,51.5033,51.20554,51.32303
2018,14,HI,False,42.30219569410147,0,0.0,50.969736021212995,9.016866788688224,0.9999086006954979,,0.9998936302843003,50.969736021212995,0.9998936302843003,1.0,1.0,0.9998,76.63111,76.84201,75.79601
2018,14,IN,False,-6.162903216195068,14,0.761823802616987,2.6432311608182237,5.5341406769575725,0.7018264215644843,3.053536970015603,0.7146172348085605,1.3308383388943605,0.5641240909311358,0.72082,0.6807,0.69582,50.65089,50.20261,50.19579
2018,14,MA,False,25.038879177334596,8,0.5695885862863059,36.98392896814248,6.588957787575126,0.9999040794797249,32.51822177589392,0.9991835977159261,42.89366036781545,0.9996661745667149,0.9991,0.99934,0.99756,63.23321,63.48112,61.6637
2018,14,MD,False,36.305663220524615,2,0.5536480708901691,43.12605818629679,6.668938558820413,0.9999642635929827,45.19667275243378,0.9998848163707414,40.557699710989866,0.9995233514451312,0.99976,0.99982,0.99916,65.29412,65.51123,63.58196
2018,14,MI,False,6.637138311355607,16,0.5959850703518244,19.245750522734937,6.454335592099083,0.9956083564186355,18.7242083518881,0.9882951282161749,20.015106614734485,0.9817263654550067,0.99112,0.99404,0.9881,57.16012,57.71733,57.17219
2018,14,MN,False,24.963466608899427,8,0.6030464524520919,20.989252872470136,6.4178437760173965,0.9972920182090714,22.75000442738733,0.9955391575419793,18.314342960714857,0.9745221306376326,0.99646,0.99806,0.99608,59.05237,59.61852,58.3074
2018,14,MN,True,11.14061979867146,9,0.6022992806802925,9.88006870641206,6.421714820929356,0.9432270819617898,9.25073001353309,0.8996090521218559,10.833172946891354,0.8940651161089236,0.89596,0.9208,0.86804,52.93426,53.35188,52.08472
2018,14,MO,False,-5.99663324974175,33,0.7624554119016139,0.7252164060878581,5.53034337453625,0.5583036467582917,0.03278523721636262,0.5024567216915234,2.9477376443185808,0.6392220051854874,0.61,0.60188,0.54742,49.57909,49.47408,49.0301
2018,14,MS,False,-19.412856279969386,4,0.5768464421633558,-19.774002059088467,6.552218396848463,0.004130717749052769,-24.959812118091598,0.003418403293361057,-12.704662745094762,0.07510766618116402,0.00536,0.00396,0.00756,38.3716,38.21701,37.17803
2018,14,MS,True,-7.266512999290427,0,0.0,-7.0370093628329755,9.016866788688224,0.19691165668164348,,0.2019055064084859,-7.037009362832975,0.2019055064084859,0.1246,0.1294,0.17208,39.19633,39.62283,37.12726
2018,14,MT,False,3.656915843777241,12,0.5922021979681383,2.1783876039234853,6.473800109315246,0.646126850245103,5.815486638761291,0.7932896149699478,-3.103391826781875,0.35381917085111914,0.87226,0.84692,0.83568,52.6801,52.17299,52.08982
2018,14,ND,False,-10.90541074249605,8,0.5907346683134559,-12.389729278765714,6.481335447915572,0.02916182431025791,-11.959656716480247,0.05733731765676475,-13.010497159068382,0.07092054494482551,0.29908,0.2814,0.09228,47.94275,47.84211,44.63512
2018,14,NE,False,-19.795028139801627,2,0.3585856792978636,-22.17314827719275,7.579608124565049,0.004835668422270986,-16.97862588146087,0.0642528064248924,-25.077170344960845,0.006893038478211106,0.03642,0.01902,0.07248,41.22979,39.87876,41.50008
2018,14,NJ,False,11.544410589867935,14,0.7554371284089696,13.410735880601305,5.572392671550872,0.9880182663948637,8.097434740564385,0.9203102507368258,29.823141122202205,0.9971282573571485,0.91078,0.92992,0.8835,53.51479,53.70843,52.45906
2018,14,NM,False,27.83688334059555,8,0.5721369538720492,34.605795427298546,6.576081289487216,0.999851456884486,43.09451541530509,0.999869517816147,23.254709045422835,0.9902452345689526,0.9942,0.99574,0.9945,51.03744,51.48413,50.96818
2018,14,NV,False,5.247548248472789,19,0.7567578678189992,-0.7833927317021345,5.564503874206943,0.4374467373898332,-1.3674955045662092,0.39975668054962504,1.0338268635070675,0.549915616899654,0.44974,0.49034,0.43042,48.31664,48.6546,48.18278
2018,14,NY,False,36.91353586849846,7,0.5879684646946649,34.213419960170114,6.495515332051777,0.9998523754468787,26.846661410946528,0.9979003535782682,44.725774823381,0.9997454448834454,0.99938,0.99946,0.99908,65.0813,65.32245,63.27618
2018,14,OH,False,6.84734253901348,18,0.594641896930859,12.285231657002468,6.4612535149924275,0.9702959213601224,15.605821105591577,0.9756878610767542,7.4140779938898635,0.8098728533180304,0.97056,0.97624,0.98292,56.49329,56.54484,56.91623
2018,14,PA,False,13.085564092459117,15,0.5848793666168545,15.737111275647244,6.511313913963038,0.9882350234361615,17.990796296384197,0.9851057695079702,12.56180809512353,0.9228603764489867,0.98056,0.98626,0.98846,56.32366,56.70219,56.96453
2018,14,RI,False,23.15947411265822,4,0.5722565539633122,30.80120269242646,6.57547634967634,0.9996804060088056,25.396530008249425,0.9967588632694487,38.031843849419246,0.999289792104021,0.99872,0.9992,0.99608,64.68145,64.93101,61.85962
2018,14,TN,False,-10.93720415394411,28,0.7547511389118092,-6.815331424982261,5.576485694097689,0.0979321932720945,-4.076702519454491,0.22885080685579856,-15.243436967786817,0.046319603636039756,0.24412,0.25798,0.28304,46.03569,46.26856,46.61486
2018,14,TX,False,-2.5874814972216487,32,0.7634663239405363,-6.654768501966146,5.524260231308136,0.10084483561325151,-6.029976024384089,0.1377627010973015,-8.671428556601901,0.1545374972529931,0.21772,0.2093,0.18252,46.64236,46.65634,46.32558
2018,14,UT,False,-33.87894010199687,7,0.568906201061697,-33.237491866058896,6.59240150306878,0.00019762536731311408,-43.79332942273446,0.00012112808484652509,-19.307155920187082,0.020983090784148208,0.00156,0.0012,0.00954,29.36135,29.53605,30.38693
2018,14,VA,False,16.319900580969303,8,0.5508519562576517,16.6190378456979,6.682869252660641,0.9896098663585944,15.623289567369365,0.9691599922911376,17.84026076918482,0.9720482496159637,0.9887,0.99466,0.98046,57.23987,58.41233,56.47311
2018,14,WA,False,16.867519849859114,2,0.524503183836492,22.061545837129202,6.812744264949798,0.9971442061029037,15.645152826457208,0.9647061811333307,29.139234789911626,0.9967513810925748,0.99528,0.9969,0.9741,61.19433,61.65133,58.64937
2018,14,WI,False,10.837125004562045,12,0.5936299394708768,12.08703181225441,6.466460644307142,0.9685246136208117,11.484216978452205,0.9369360322292177,12.967630478495238,0.9285057339157032,0.96684,0.96652,0.96116,56.44839,56.21734,55.93164
2018,14,WV,False,3.3894179136536122,22,0.7533549236040689,5.12855933424469,5.584807081529779,0.840030795348677,10.28751548783726,0.9574723488553329,-10.629002404906192,0.10989075660960412,0.91506,0.90234,0.91554,53.56641,53.1436,53.92103
2018,14,WY,False,-37.97819051140364,0,0.0,-47.39245694565464,9.016866788688224,0.00014976046853914057,,0.00017371206178391438,-47.39245694565464,0.00017371206178391438,0.00024,0.00022,0.00172,27.09755,27.30667,26.68358
2018,1,AZ,False,2.402957486136784,46,0.8094390953255753,1.0129837223332512,5.150092115066664,0.586986861081032,0.49266116129761617,0.5404139053739818,3.2231402274240675,0.6524854533020537,0.61342,0.6706,0.62682,49.83266,50.23303,49.8692
2018,1,CT,False,18.146665446729493,6,0.621043514165722,22.503447672336748,6.249454748894265,0.998412871531214,18.728876898226805,0.9905169459948521,28.689310127915896,0.9966004263821027,0.99658,0.99812,0.99738,59.75522,60.13933,58.5072
2018,1,DE,False,22.63900798844609,2,0.5397667350042239,27.479576107701554,6.668004635117108,0.9992853586627325,30.019313731904738,0.9983425774212974,24.500943337216956,0.9925561093073149,0.99882,0.99924,0.99334,62.12604,62.25857,58.92117
2018,1,FL,False,-0.12251835607793257,82,0.814937807344682,4.586910438813314,5.114456935738032,0.8346612396419781,2.1508406554045614,0.671656480975819,15.314360164470262,0.9552405858414041,0.70146,0.72982,0.71892,51.55091,51.70551,51.46845
2018,1,HI,False,42.30219569410147,0,0.0,50.653397327065505,8.964821950951794,0.9999083263181413,,0.9998941375225636,50.653397327065505,0.9998941375225636,0.99998,1.0,0.9997,76.69403,76.75153,75.45742
2018,1,IN,False,-6.162903216195068,24,0.7924418679416749,1.6496550403693817,5.25871837594901,0.6367182893523065,1.8160163506628422,0.6412936526723326,1.0144996447468726,0.5493265828860121,0.72144,0.61774,0.70894,50.56998,49.64441,50.23052
2018,1,MA,False,25.038879177334596,11,0.6083157921983414,34.19495314091176,6.316830190461084,0.9998772450416347,28.797688397234573,0.9988821252215342,42.57732167366796,0.9996651529395896,0.99824,0.99908,0.99732,61.69643,61.84777,60.23098
2018,1,MD,False,36.305663220524615,2,0.5537686246574438,42.70756777086653,6.5977926678929375,0.99996450978084,44.6948577376971,0.9998815787539846,40.241361016842376,0.9995206371119982,0.99982,0.99982,0.99914,65.22498,65.28941,63.38747
2018,1,MI,False,6.637138311355607,28,0.8077078094359839,13.342956905841021,5.161261029824529,0.9912686244459024,11.829819594850008,0.9817347183982645,19.698767920587,0.9810751356609128,0.96018,0.98404,0.97212,54.5624,56.09246,54.30247
2018,1,MN,False,24.963466608899427,11,0.7909124622177237,21.0695599986325,5.268382706282022,0.9991425899710178,21.881563925562332,0.9990077458602928,17.998004266567367,0.9735515906471415,0.99792,0.99878,0.99752,59.33309,59.70579,58.77875
2018,1,MN,True,11.14061979867146,12,0.7899539361596076,10.140307356251265,5.274430615382121,0.9714071068008217,10.040190135590528,0.9635758075296509,10.516834252743866,0.8893380737077816,0.9243,0.93866,0.91202,53.31391,53.48177,52.74483
2018,1,MO,False,-5.99663324974175,47,0.8058511569989005,-0.079560931784874,5.173211916470346,0.49313316910067556,-0.732696091960447,0.44040959227578513,2.631398950171093,0.6257440535588703,0.56678,0.47186,0.53162,49.20898,48.47733,48.90006
2018,1,MS,False,-19.412856279969386,5,0.6085361331989865,-14.932335348553098,6.315669907659433,0.012921010930681948,-16.16187312300446,0.01906419027211749,-13.021001439242252,0.06958523938641008,0.01346,0.00722,0.03306,41.03439,39.97766,41.48745
2018,1,MS,True,-7.266512999290427,0,0.0,-7.3533480569804635,8.964821950951794,0.18564788830014323,,0.19042113404574962,-7.353348056980463,0.19042113404574962,0.25246,0.2494,0.31634,41.43571,41.45959,39.8854
2018,1,MT,False,3.656915843777241,21,0.7876288143568069,2.605716154732624,5.289072453253437,0.7074734701685226,4.230378979676559,0.7942649104642995,-3.419730520929363,0.3388187772352316,0.7821,0.77314,0.72386,51.34261,51.13737,50.59518
2018,1,ND,False,-10.90541074249605,10,0.6138516913387122,-11.641445527210793,6.28761408562282,0.03249354608417001,-10.581237283096256,0.07011012598941253,-13.326835853215872,0.065655823163575,0.259,0.22554,0.1015,47.59939,47.33598,45.63166
2018,1,NE,False,-19.795028139801627,3,0.5100325692168328,-21.27520246578601,6.814706747887575,0.003466287648791239,-17.31891376444561,0.026529221990051848,-25.39350903910833,0.006281117063002614,0.02046,0.0106,0.05718,41.0589,39.81174,41.28901
2018,1,NJ,False,11.544410589867935,20,0.8006441311824649,14.172111548701816,5.2065821190242945,0.9931290817851183,10.353860088109979,0.9689944052235154,29.50680242805472,0.9970702846937781,0.94534,0.93648,0.94142,54.23478,53.71177,53.51505
2018,1,NM,False,27.83688334059555,13,0.7893942787750612,24.27591193644624,5.277958621130848,0.999640619856243,24.632760114584016,0.9995116582511432,22.938370351275346,0.9899468826560032,0.99074,0.99534,0.99564,51.79076,52.53642,51.21376
2018,1,NV,False,5.247548248472789,30,0.7999332713468678,-0.043018462649001776,5.2111212199428705,0.4963139709625956,-0.23322442036443292,0.4811468251272659,0.7174881693595797,0.5349388293785753,0.56488,0.63556,0.56202,49.24796,49.75977,49.24164
2018,1,NY,False,36.91353586849846,9,0.615461956818661,33.40488983902024,6.279090272244728,0.9998619513526594,26.529295580667267,0.9983170944699368,44.40943612923351,0.999745160575699,0.99936,0.99966,0.99916,64.10683,64.21696,62.32551
2018,1,OH,False,6.84734253901348,23,0.7910116430334584,11.748238588971372,5.267756519316933,0.9835704756563806,12.9769186142146,0.9858878267264171,7.097739299742376,0.801585716528602,0.96702,0.9819,0.97638,55.73814,56.55892,55.91881
2018,1,PA,False,13.085564092459117,19,0.6276213885047193,13.628157904415641,6.214347818391893,0.9824346314100916,14.44853087842791,0.9741628238654478,12.245469400976042,0.9194657200857396,0.96946,0.9876,0.97226,54.84576,56.34711,54.98637
2018,1,RI,False,23.15947411265822,5,0.5890396383341423,29.613892641782037,6.417523663045458,0.9996480612947407,23.961570808167686,0.9963229926767639,37.71550515527176,0.9992835782396956,0.99866,0.99916,0.9938,64.24792,64.35461,61.08527
2018,1,TN,False,-10.93720415394411,37,0.7975190018599163,-7.659734566504406,5.226507787111615,0.06452596226110095,-5.654004041438753,0.13639758801372817,-15.559775661934307,0.042669657113418295,0.1969,0.20402,0.20456,45.73638,45.94753,46.08712
2018,1,TX,False,-2.5874814972216487,39,0.7957541481666973,-5.818694610642199,5.237726914624258,0.11774215849445871,-5.005290191209987,0.16451098989679036,-8.987767250749387,0.1449051426275572,0.22558,0.1944,0.2026,46.963,46.73467,46.75943
2018,1,UT,False,-33.87894010199687,7,0.5689944185279248,-33.49536696762699,6.520585495441475,0.00017456696940696884,-44.00312278218386,0.00011153786750747554,-19.62349461433457,0.01920700864748356,0.0009,0.00066,0.00942,29.52919,29.54892,30.64222
2018,1,VA,False,16.319900580969303,8,0.5508540434466072,16.210540962862016,6.612469170731424,0.9889378609114056,15.139658715622382,0.9665165914561763,17.523922075037333,0.9709654267100679,0.9877,0.9945,0.97412,56.87497,58.05417,55.9891
2018,1,WA,False,16.867519849859114,2,0.5246520209672295,21.83294384249931,6.742976314147737,0.9971423313918257,15.499870597113809,0.9643830554878362,28.822896095764136,0.9966823936064977,0.9962,0.99782,0.97326,61.17707,61.48534,58.43108
2018,1,WI,False,10.837125004562045,16,0.7872619120916364,11.597885491391477,5.291379221862894,0.9823976564288212,11.313228457801783,0.975376463797608,12.651291784347752,0.9253766781631818,0.97512,0.98426,0.9769,56.41692,56.98351,56.07506
2018,1,WV,False,3.3894179136536122,25,0.7783017133826463,3.9407947292433327,5.347404434234452,0.7902347454274501,8.181092226653716,0.9311808681812828,-10.945341099053678,0.10239700036652916,0.87798,0.87248,0.85764,52.48852,52.29116,52.58809
2018,1,WY,False,-37.97819051140364,1,0.5619155631270014,-36.512408688958665,6.556594142113749,0.00010124900626155209,-27.783405268806277,0.0020952395615011226,-47.708795639802126,0.00015865243212860627,0.00028,0.00022,0.00132,31.12389,31.17064,33.47471
2020,35,AK,False,-13.359036716293968,3,0.44771390536466077,-9.482221819626611,7.804322623282032,0.09911398643099112,-6.459296163637299,0.24792345166905808,-11.932773923357606,0.0807598152870949,0.217425,0.15485,0.2776,43.94325,42.86596,44.44493
2020,35,AL,False,-20.392950824067242,8,0.4690081747342785,-20.6077823967198,7.706830931027283,0.00747159257089513,-19.88873862401457,0.02632342050549605,-21.24289086985263,0.012606721481951985,0.2852,0.223825,0.056575,47.28056,46.51791,43.05247
2020,35,AZ,True,2.349522737355283,63,0.6259035294715847,3.923402751389525,6.9464630094873945,0.7337145895298012,7.641802028713694,0.8487183624118301,-2.2978781614572794,0.3870005874949714,0.7864,0.77385,0.848775,53.18311,52.86836,53.39761
2020,35,CO,False,9.54316988577507,12,0.48654029353686734,2.700165956255665,7.625628027822616,0.6533188170056694,7.138940320620413,0.7869754209779816,-1.5058945291098254,0.42525443650360534,0.709325,0.71245,0.76285,50.14322,50.10178,51.04801
2020,35,DE,False,22.130005147972827,0,0.0,20.012429319006827,9.628175941458073,0.9784142275043564,,0.9838674543939265,20.012429319006827,0.9838674543939265,0.998225,0.99825,0.982025,64.66012,64.41218,63.16365
2020,35,IA,False,-6.7992463527622204,16,0.5033664678534012,-7.9543686567492635,7.546873203874854,0.1291335781017322,1.7166561161522198,0.5793867018726486,-17.7565049712605,0.0254194715265752,0.48285,0.46565,0.533125,48.4745,48.28909,48.9986
2020,35,ID,False,-30.641627543035995,1,0.41674616982384427,-34.122993155922316,7.943967499413924,0.000553469749056457,-30.747668166228024,0.006058710036635586,-36.53472830207809,0.0007484097276442101,0.005,0.00355,0.026575,34.12346,33.74546,35.3219
2020,35,IL,False,17.1297420875902,0,0.0,26.619469614137685,9.628175941458073,0.9936218919010572,,0.9955948562100665,26.61946961413769,0.9955948562100665,0.993,0.99325,0.976775,60.97243,60.79713,62.02838
2020,35,KS,False,-12.037934823761901,6,0.4619755105866943,-10.756186829720788,7.739164447523098,0.07359746908264889,-3.3717626615957936,0.35653974312402525,-17.096833385007315,0.029037323754659363,0.258275,0.200175,0.301125,45.67172,44.9194,46.22251
2020,35,KY,False,-20.348541061255716,15,0.4972587010642989,-19.07084451482367,7.5755552328878135,0.009841729201257646,-14.789679231990798,0.057669732993648914,-23.305321953000714,0.008373193477903672,0.0566,0.037925,0.049975,42.47424,41.73504,42.12823
2020,35,MA,False,33.376306082124145,0,0.0,27.99739938095921,9.628175941458073,0.9950171971863465,,0.9966045832759914,27.99739938095921,0.9966045832759914,0.99865,0.998725,0.99145,66.49052,66.23811,66.97214
2020,35,ME,False,-9.207078868510646,22,0.6131206488526715,-1.8979705173844117,7.011499286878101,0.381299725387071,5.673251640925904,0.7775055282431323,-13.896730928206091,0.0550786761684084,0.60385,0.584675,0.739775,51.30748,51.00679,52.67211
2020,35,MI,False,1.7172850548123317,68,0.6263468446218871,6.661085776730171,6.944196598498929,0.8498939367411045,6.157440998063106,0.7998741884225158,7.505334817285397,0.8198188550796572,0.780275,0.7766,0.8014,51.95988,51.72228,51.37865
2020,35,MN,False,5.67945742304279,11,0.6162650642333859,10.543682514218762,6.995557316756124,0.9400107441361731,9.530263654423411,0.8938636675592782,12.171198230189292,0.9228575744055555,0.874625,0.934225,0.892275,53.18565,54.71793,52.50759
2020,35,MS,False,-10.15523962856757,7,0.4359726062272197,-13.155140476767576,7.857560550153804,0.044639221143325566,-8.559392873386956,0.1904070232364527,-16.70748577476122,0.03140741040564938,0.1998,0.069425,0.263,45.52525,42.40845,46.06012
2020,35,MT,False,-10.024321499512084,9,0.48187243811819414,-12.228010218908034,7.647332195588746,0.05102290299291437,-2.011649195936643,0.4102098482942139,-21.729498186378738,0.011440469213434896,0.3437,0.33285,0.4074,48.38622,48.30361,48.98691
2020,35,NC,False,-1.8266039392516145,68,0.6307038207327083,2.957643719841679,6.921882442247587,0.6825026700378831,7.305565431268704,0.8400692515697888,-4.46797016298952,0.28972298672101976,0.724775,0.634075,0.7348,50.86146,49.88773,50.82617
2020,35,NE,False,-43.951755154200455,0,0.0,-24.412795576617505,9.628175941458073,0.009530974890129256,,0.006740139318667887,-24.4127955766175,0.006740139318667887,0.0047,0.00345,0.04025,33.58761,33.28614,35.49789
2020,35,NH,False,16.02932792111268,6,0.4933901526924561,15.513019427499593,7.593665869335574,0.9769823133151428,20.42132353263464,0.9792168508280251,10.73279471460833,0.8986289680040191,0.9821,0.98045,0.926875,59.28515,58.8226,56.81528
2020,35,NJ,False,16.615139632373694,2,0.4281000197016926,22.378364013172217,7.893055687016185,0.9943540706864686,30.69508403997012,0.9944311157591771,16.152820858810653,0.9648840944869574,0.993875,0.99455,0.964525,60.82083,60.69521,58.30795
2020,35,NM,False,6.271235410978694,0,0.0,10.827858917013401,9.628175941458073,0.8848658140202217,,0.9004161153562142,10.827858917013401,0.9004161153562142,0.917675,0.9445,0.867875,54.20802,55.16341,53.01515
2020,35,OK,False,-31.525022113596386,4,0.47632093926515146,-32.19276193705396,7.673065122625591,0.0006403001988567679,-23.968439552337493,0.012130899490835793,-39.67333020268305,0.0004488798311567181,0.0096,0.006775,0.030575,36.13991,35.72659,38.46723
2020,35,OR,False,18.274771796454658,0,0.0,23.488044379029184,9.628175941458073,0.9886993216683133,,0.9919224128048011,23.488044379029187,0.9919224128048011,0.9949,0.995,0.957675,62.06654,61.85198,59.84261
2020,35,RI,False,33.17984958322271,0,0.0,23.2317217409445,9.628175941458073,0.9881509502435939,,0.9915045694745745,23.2317217409445,0.9915045694745745,0.9996,0.9996,0.99075,73.24323,72.98951,69.41978
2020,35,SC,False,-10.415832481506795,19,0.5136939118497188,-10.540950804289187,7.498126007622387,0.07159157737119606,-2.1258548106873114,0.40059449479186915,-19.429968821699635,0.01813822762634699,0.237325,0.2026,0.28275,46.2236,45.82151,46.78822
2020,35,SD,False,-31.470495146578333,0,0.0,-39.115032627713994,9.628175941458073,0.0007797146239000083,,0.0004907636158771162,-39.115032627713994,0.0004907636158771162,0.0068,0.00555,0.0318,36.10077,35.78228,36.02355
2020,35,TN,False,-27.77034560803882,0,0.0,-19.872548992975155,9.628175941458073,0.02215837512275319,,0.016592639418568925,-19.872548992975155,0.016592639418568925,0.009125,0.007425,0.1238,33.94427,33.58335,38.65853
2020,35,TX,False,-9.89904206207535,23,0.6230010623006073,-8.887050506206426,6.961283395509226,0.08933668915738308,-8.299097151415953,0.1337576509135115,-9.858659516175951,0.11914443330776903,0.1743,0.131875,0.167475,44.63749,44.00097,44.99601
2020,35,VA,False,12.095828412713526,3,0.4839149373049105,14.709835246658029,7.637842758720792,0.9715803645844605,16.644316636425295,0.9563137011504177,12.895939615658499,0.9329664089008212,0.983525,0.988075,0.9674,58.30874,58.64989,56.75274
2020,35,WV,False,-44.49214332185657,0,0.0,-38.668584558970885,9.628175941458073,0.0008358244662119575,,0.0005273321631250526,-38.668584558970885,0.0005273321631250526,0.00455,0.00365,0.01905,33.2788,32.98675,32.34514
2020,14,AK,False,-13.359036716293968,8,0.6645382155054694,-6.454736625397201,6.369485848433121,0.13780749925568972,-3.9728127301775658,0.2723413586654439,-11.371342189976884,0.08744291564367203,0.318075,0.2368,0.334925,45.34507,44.34768,45.40522
2020,14,AL,False,-20.392950824067242,11,0.548200189751659,-15.191057532037005,6.9879949484007,0.018180378850283906,-10.666136801537805,0.0967534931796191,-20.681459136471908,0.013379107742074134,0.3065,0.227825,0.093575,47.81942,46.89357,44.98949
2020,14,AZ,True,2.349522737355283,82,0.7155104620757957,6.190110073069868,6.078697664100911,0.8632733489047639,9.341737499731261,0.9267835979679776,-1.7364464280765568,0.4129336506100805,0.819425,0.79755,0.87645,53.60963,53.16416,53.84318
2020,14,CO,False,9.54316988577507,20,0.7028010001921257,6.861637631331707,6.152489364584836,0.8830909212840841,10.162664861924835,0.9377276296169432,-0.9444627957291033,0.45232233578481623,0.83705,0.8372,0.871825,51.61481,51.4434,52.07872
2020,14,DE,False,22.130005147972827,1,0.4775199118411877,28.25552764867267,7.338352695848839,0.9989247150850037,36.66045012605923,0.9987868733845907,20.57386105238755,0.9863258471965797,0.999375,0.9994,0.992425,64.11338,63.89945,61.85696
2020,14,IA,False,-6.7992463527622204,24,0.6947252024428596,-2.8688607032796334,6.198921411655437,0.30379757820368475,3.426335751206752,0.7082692825840842,-17.19507323787978,0.027234853573178647,0.611575,0.592225,0.635175,49.84035,49.61181,50.09424
2020,14,ID,False,-30.641627543035995,1,0.41779233978319646,-33.42635835622303,7.621873968649915,0.00048608571454845256,-29.877114398875825,0.00623845389124932,-35.973296568697364,0.0007612723776193357,0.0108,0.0078,0.027825,35.31434,34.84895,35.4912
2020,14,IL,False,17.1297420875902,0,0.0,27.180901347518414,9.368159300976586,0.9949618221073315,,0.9962913953294545,27.18090134751841,0.9962913953294545,0.99485,0.99505,0.989275,61.45774,61.28762,64.07262
2020,14,KS,False,-12.037934823761901,10,0.5323823056270857,-8.016898994239943,7.067911821772341,0.11332141387600231,-0.5346770457386789,0.4731842842476762,-16.535401651626593,0.03116152461275219,0.33785,0.274875,0.3808,46.80273,46.13031,47.29457
2020,14,KY,False,-20.348541061255716,15,0.4976857097166323,-18.115543965051536,7.240120846692195,0.010112258007833734,-13.444153128105542,0.0686825509186204,-22.743890219619992,0.008832658934507258,0.060125,0.040375,0.0545,42.68941,41.87408,42.29066
2020,14,MA,False,33.376306082124145,0,0.0,28.55883111433993,9.368159300976586,0.9960776469511499,,0.9971426931337382,28.55883111433993,0.9971426931337382,0.99885,0.9989,0.99545,67.06205,66.83352,69.50581
2020,14,ME,False,-9.207078868510646,25,0.6484147373218407,-0.7685107476689819,6.458742586646662,0.44705676491494906,6.045488630974555,0.8124230504313746,-13.33529919482537,0.0594922985845612,0.6482,0.63885,0.7732,51.78066,51.57376,52.96293
2020,14,MI,False,1.7172850548123317,87,0.7261790169621936,7.174820529875918,6.016056834461197,0.8971102868220157,6.838493631790747,0.86719699237792,8.06676655066612,0.8391125565076969,0.79415,0.789275,0.828825,52.22732,51.92624,51.72026
2020,14,MN,False,5.67945742304279,13,0.5579496479859871,9.978100901269631,6.938279139808153,0.9323137167171829,7.795752465316688,0.8385553499388243,12.732629963570014,0.932956546953359,0.860425,0.927525,0.86655,52.83319,54.47889,52.12115
2020,14,MS,False,-10.15523962856757,7,0.4364181652214481,-12.269985810236557,7.5346037213911,0.04842206723300309,-7.264507533853385,0.22191302818248448,-16.1460540413805,0.0337359630189456,0.28975,0.12175,0.287175,46.86433,44.12042,46.4348
2020,14,MT,False,-10.024321499512084,14,0.6956051060820088,-8.36432910762897,6.193879275006641,0.07876880709615967,-2.761448627137,0.3285053429938726,-21.168066452998016,0.012124283361785712,0.344375,0.328775,0.370375,48.54923,48.42559,48.64178
2020,14,NC,False,-1.8266039392516145,89,0.7250188730226235,2.8312466832863024,6.022900235202221,0.6989717861858912,5.386716358097749,0.8129050032129456,-3.906538429608798,0.3114294117908169,0.7166,0.653775,0.759675,50.92627,50.22074,51.09507
2020,14,NE,False,-43.951755154200455,0,0.0,-23.851363843236776,9.368159300976586,0.009356663780718298,,0.007086689879423614,-23.85136384323678,0.007086689879423614,0.00135,0.00115,0.045,30.72758,30.48431,35.854
2020,14,NH,False,16.02932792111268,12,0.6839335211655422,15.235447516506023,6.260430969340976,0.9885800673029532,17.056805626445524,0.9883570239994813,11.294226447989052,0.9112494708621955,0.970025,0.97655,0.9735,57.67179,57.72818,56.82034
2020,14,NJ,False,16.615139632373694,3,0.5245803345733613,23.45409304600463,7.106998878194535,0.9974211566943886,29.562314194223667,0.9973453612447949,16.714252592191375,0.9699552636258331,0.996825,0.997375,0.99385,61.3327,61.20626,60.85684
2020,14,NM,False,6.271235410978694,0,0.0,11.389290650394123,9.368159300976586,0.9010101748048435,,0.9128589542049137,11.389290650394123,0.9128589542049137,0.8997,0.93815,0.824175,53.86143,55.14022,52.53593
2020,14,OK,False,-31.525022113596386,4,0.4768913652860132,-31.25560526082124,7.3413933559149305,0.0005848919757101635,-22.63793022337002,0.013813657177998389,-39.111898469302325,0.00045333939756464324,0.011675,0.00825,0.032125,36.90015,36.42945,38.66909
2020,14,OR,False,18.274771796454658,1,0.44095879258263987,22.960131313119746,7.513175189255527,0.9961268971206269,21.579075663175168,0.9787903896060456,24.04947611240991,0.9931854921859233,0.99315,0.994075,0.963025,60.36531,60.26826,57.18221
2020,14,RI,False,33.17984958322271,0,0.0,23.793153474325223,9.368159300976586,0.9905400484328972,,0.9928311889383326,23.793153474325223,0.9928311889383326,0.99965,0.99965,0.996125,73.70298,73.47359,71.92479
2020,14,SC,False,-10.415832481506795,28,0.6881890166653369,-8.069328413786563,6.236248286785565,0.08675088299964707,-3.176324029091969,0.30711914014560154,-18.868537088318913,0.019348165370706934,0.222525,0.221975,0.238825,46.24325,46.34225,46.50878
2020,14,SD,False,-31.470495146578333,0,0.0,-38.55360089433327,9.368159300976586,0.0007207328852378861,,0.0004962477229355272,-38.55360089433327,0.0004962477229355272,0.009,0.007625,0.031225,36.9618,36.63306,36.0905
2020,14,TN,False,-27.77034560803882,0,0.0,-19.311117259594432,9.368159300976586,0.02226416276596262,,0.017677863887527186,-19.311117259594432,0.017677863887527186,0.0138,0.01085,0.10635,35.19485,34.76242,38.22793
2020,14,TX,False,-9.89904206207535,32,0.7087766491361416,-7.560856430997349,6.117905342071148,0.0957047521841327,-6.847413227089742,0.13846195304950162,-9.297227782795229,0.1291107188881266,0.1643,0.1342,0.1612,45.03366,44.63983,45.14322
2020,14,VA,False,12.095828412713526,7,0.5534584551198135,13.748646618909014,6.961225370171084,0.9739875372635872,13.983653434307456,0.9512848010435255,13.45737134903922,0.9419372442401708,0.97425,0.9845,0.965475,57.0322,57.85654,55.93615
2020,14,WV,False,-44.49214332185657,1,0.4565134511827146,-31.089677054659212,7.43930038478122,0.0006559627691158292,-22.735260162295397,0.01560275445084444,-38.107152825590155,0.0005337558377486909,0.010675,0.007725,0.0457,36.76697,36.34326,38.56059
2020,1,AK,False,-13.359036716293968,11,0.7377638706167624,-5.940287567966706,5.611518363408455,0.12818159974870513,-3.8375129149582143,0.24665049938172479,-11.8561435207183,0.07774785850349321,0.2865,0.2285,0.297225,45.30453,44.6115,45.20605
2020,1,AL,False,-20.392950824067242,17,0.7722923739377334,-14.462076144954796,5.388608637925799,0.007343849837317263,-12.485371533822072,0.019067873348538548,-21.166260467213323,0.011608690449227356,0.16115,0.12685,0.038575,45.93152,45.56821,44.28737
2020,1,AZ,True,2.349522737355283,110,0.7996407631581306,4.359134271827387,5.2052821479866935,0.8190673888323593,6.007925057055692,0.8771841306595962,-2.221247758817971,0.38820079394630846,0.789975,0.778575,0.8438,52.88522,52.61168,52.99015
2020,1,CO,False,9.54316988577507,25,0.7752093062881525,7.163335852142388,5.36935355888068,0.91899781624568,9.654968104636053,0.9549569176743243,-1.429264126470518,0.4273866367900714,0.84785,0.841875,0.873575,51.89775,51.65564,52.39682
2020,1,DE,False,22.130005147972827,1,0.4777210601556706,27.651110139762345,7.067958016967933,0.9990216889164416,35.91848624023427,0.9987931022983432,20.089059721646134,0.9855297071018834,0.99945,0.99945,0.993825,64.22726,63.94848,62.16759
2020,1,IA,False,-6.7992463527622204,39,0.7997495639385077,-3.3610945868478055,5.204539919417729,0.238590632738974,0.22420519262060346,0.5180762808166255,-17.679874568621194,0.023769220718372265,0.4915,0.416275,0.493325,48.82151,48.15981,48.84047
2020,1,ID,False,-30.641627543035995,1,0.41780037038579926,-34.17970233638401,7.362831469862424,0.00033869608426878903,-31.00478640296767,0.004781375183715069,-36.45809789943878,0.0006590373374422422,0.007925,0.00535,0.0178,35.36833,34.84303,34.82848
2020,1,IL,False,17.1297420875902,2,0.5940399811216011,28.484057389823196,6.45721796342065,0.9995313905948852,29.70592667805722,0.9988218576417345,26.696100016777,0.9961386943013726,0.996775,0.997525,0.997675,59.59945,59.45238,59.21949
2020,1,KS,False,-12.037934823761901,16,0.7707140707229444,-8.578324521103507,5.398998607538898,0.05194521996227314,-6.066882182936048,0.1319508806263104,-17.020202982368005,0.027237053107575765,0.2438,0.2008,0.253775,46.26775,45.79047,46.43015
2020,1,KY,False,-20.348541061255716,20,0.7473893084199712,-13.445423676583442,5.550278340220252,0.011648452558368643,-10.138769385886754,0.044993494752708044,-23.228691550361408,0.007648024062023038,0.074125,0.04075,0.0918,43.79985,42.54481,43.7759
2020,1,MA,False,33.376306082124145,0,0.0,28.07402978359851,9.158673672527533,0.9961872708558439,,0.9970349641147349,28.07402978359851,0.9970349641147349,0.999725,0.9998,0.999675,65.97125,65.68062,65.54424
2020,1,ME,False,-9.207078868510646,29,0.7786459226343854,0.42968349310002996,5.34657899640136,0.5358273392995876,4.480623339339173,0.8027714745446959,-13.820100525566785,0.05249123295969355,0.587875,0.591925,0.699125,50.96361,50.95752,52.01778
2020,1,MI,False,1.7172850548123317,117,0.7981281618083509,8.192152132382686,5.215590028540478,0.9463586774111394,8.34648768844086,0.9395928224089432,7.581965219924705,0.8273378936031758,0.840275,0.821625,0.9058,52.82834,52.30417,52.58437
2020,1,MN,False,5.67945742304279,23,0.7885168536625196,9.457805517213195,5.280617825572351,0.963779612550401,8.709510963832372,0.9435458932100178,12.2478286328286,0.9280434419372114,0.882775,0.94325,0.9113,53.22951,54.78896,52.78899
2020,1,MS,False,-10.15523962856757,9,0.5767445938635616,-10.933924489242873,6.551632816398259,0.045064107140216726,-6.753119293633864,0.18085326953206338,-16.630855372121914,0.029515346788682336,0.253575,0.12295,0.211925,46.90988,44.78567,45.99054
2020,1,MT,False,-10.024321499512084,19,0.7692851135766968,-6.994163068904946,5.408388215743567,0.08685907858928864,-2.597897843296108,0.3108327319709787,-21.65286778373943,0.010513926810606488,0.3321,0.308,0.3552,48.56886,48.37094,48.61687
2020,1,NC,False,-1.8266039392516145,118,0.7998690584994029,2.4118567440176033,5.203724616909198,0.6964641949883839,4.114048005406068,0.7921461159911316,-4.391339760350212,0.2886832210834846,0.705675,0.6807,0.73965,50.80276,50.48884,50.88735
2020,1,NE,False,-43.951755154200455,1,0.43441967457369296,-32.37760945188178,7.282243502812075,0.0004458884149451094,-42.84693885335831,0.000659914621130032,-24.336165173978195,0.0061314909348538045,0.002,0.001275,0.010425,30.90911,30.58609,32.87717
2020,1,NH,False,16.02932792111268,16,0.7633533424026276,14.867914217746316,5.447192554632783,0.9932183082871097,16.12608370123278,0.9932296201634616,10.809425117247637,0.9046586620185866,0.97615,0.981325,0.9802,57.66335,57.67757,56.86838
2020,1,NJ,False,16.615139632373694,6,0.6029959360749959,22.3445742762206,6.407781077656909,0.9980968734934682,26.37068547038183,0.997862771421169,16.22945126144996,0.9679385564168962,0.998425,0.998575,0.99745,61.74268,61.54118,61.32587
2020,1,NM,False,6.271235410978694,0,0.0,10.904489319652708,9.158673672527533,0.896768129079922,,0.9063911130264065,10.904489319652708,0.9063911130264065,0.89025,0.938925,0.833525,53.53839,54.93404,52.50414
2020,1,OK,False,-31.525022113596386,5,0.5767241764936912,-29.230180995058067,6.551743469997839,0.0004362919699501919,-21.621870189100473,0.007365473878935899,-39.59669980004374,0.00039304415158183004,0.011,0.00745,0.024575,38.11367,37.45397,39.49415
2020,1,OR,False,18.274771796454658,1,0.44125318009117626,22.286549843927595,7.248847515380521,0.9962459469251487,20.668095231858118,0.9768020379654059,23.56467478166849,0.9928497337893905,0.9942,0.994925,0.964875,60.42818,60.26421,57.25947
2020,1,RI,False,33.17984958322271,0,0.0,23.30835214358381,9.158673672527533,0.9906258853861044,,0.9924731823707946,23.30835214358381,0.9924731823707946,0.999925,0.999925,0.99755,74.31573,74.0172,73.84927
2020,1,SC,False,-10.415832481506795,35,0.7724767779257454,-5.970804799884924,5.387393399182647,0.11824876487113332,-2.029149522262445,0.34870938540273694,-19.353338419060325,0.016831958034340035,0.244,0.226325,0.2653,46.7408,46.63423,46.95911
2020,1,SD,False,-31.470495146578333,1,0.5130448189237483,-28.296698031823443,6.88821604776518,0.000728694875052042,-18.101236899470372,0.02397110600224475,-39.03840222507469,0.0004301240804142313,0.007825,0.00545,0.05375,38.63268,38.10373,40.84119
2020,1,TN,False,-27.77034560803882,2,0.5517316159131561,-20.57913748235826,6.685819663527641,0.0037317854681921067,-21.21548359156589,0.009700695046100301,-19.795918590335848,0.015367848591756937,0.004575,0.00305,0.01715,37.21323,36.6183,37.56185
2020,1,TX,False,-9.89904206207535,48,0.7903455381951254,-7.21489988586476,5.268307216289131,0.07622688585095844,-6.533919136811383,0.10853923000636787,-9.782029113536645,0.11592210084259211,0.16955,0.142025,0.158775,45.57161,45.26284,45.63036
2020,1,VA,False,12.095828412713526,14,0.7690578100378398,15.132580539447506,5.4098803139303016,0.993970980760223,15.781215211099921,0.9928465419196987,12.972570018297807,0.9377276014944355,0.987625,0.992625,0.9926,57.57506,58.1625,57.17265
2020,1,WV,False,-44.49214332185657,1,0.4571522387557714,-31.604125376913164,7.170545417524823,0.0004710936123744643,-23.306392395905462,0.012927497998168874,-38.591954156331575,0.00046253202406084835,0.0088,0.00625,0.036025,36.88984,36.39146,37.98241
2022,35,AL,False,-36.65298426281819,0,0.0,-23.562161937426232,9.897551682952601,0.012551049447119562,,0.009315364200398642,-23.562161937426232,0.009315364200398642,0.001375,0.00095,0.031,35.40358,35.26911,38.60208
2022,35,AR,False,-35.782880140816665,1,0.49258286164660603,-23.207706443609776,7.898995933783145,0.004731903004132956,-17.05789590659896,0.04228038481997972,-29.177728037156086,0.0032749465945642433,0.008,0.0055,0.042775,35.48087,35.2509,39.69051
2022,35,AZ,False,4.9921475895780345,21,0.7080285392801178,8.227844173356575,6.843806403368098,0.8987480894128351,9.263045970052929,0.9054448965962509,5.717487804388488,0.7522586997372249,0.8318,0.82435,0.89205,52.13623,51.94709,52.46093
2022,35,CA,False,22.129006377004053,0,0.0,25.688180749774435,9.897551682952601,0.9914239731260266,,0.9937718711455203,25.688180749774435,0.9937718711455203,0.998725,0.998825,0.952275,64.17654,64.18697,59.64723
2022,35,CA,True,21.787140037865687,0,0.0,25.688180749774435,9.897551682952601,0.9914239731260266,,0.9937718711455203,25.688180749774435,0.9937718711455203,,,,,,
2022,35,CO,False,15.047246386477953,8,0.5647139805976058,15.754611664368095,7.562132229570904,0.9786012072531215,14.379422179211604,0.9484931792451283,17.538700042177418,0.9700615182486886,0.910525,0.9159,0.92385,52.97771,52.92188,52.70967
2022,35,FL,False,-16.587594994456364,38,0.7104155537611174,-6.326309397042557,6.831202642281542,0.15805484454223484,-3.794645967114945,0.28579652301720976,-12.537047234892997,0.07801441441851494,0.227675,0.145275,0.216425,46.49191,45.46939,46.64384
2022,35,GA,False,2.8061109970786675,36,0.7051482791929863,5.621024164946579,6.858983735238905,0.8141494100839675,4.1453882417938726,0.7299507096848736,9.150059468110166,0.8569133734935933,0.5981,0.54105,0.659875,50.28809,49.82921,50.57201
2022,35,HI,False,46.45313302387402,0,0.0,31.19843319572416,9.897551682952601,0.9967044386742906,,0.9977163790044251,31.19843319572416,0.9977163790044251,0.999775,0.999825,0.993225,66.17202,66.14444,64.05722
2022,35,IA,False,-12.196840548191476,5,0.5107151703638448,-8.291538428546643,7.815681477358967,0.12770777585586093,-3.635215433970455,0.3389865244659315,-13.151805184032295,0.0695478760471448,0.04165,0.0184,0.14005,42.76192,41.21413,46.18422
2022,35,ID,False,-35.72103182188978,0,0.0,-33.30512005593495,9.897551682952601,0.002319136583863127,,0.0015834847639314548,-33.30512005593495,0.0015834847639314548,0.000125,0.000125,0.003225,27.98103,27.9415,29.58955
2022,35,IN,False,-21.49555103823967,2,0.5296706598168665,-11.837452494078722,7.727624385091444,0.05744701212405921,-2.8001088403223116,0.37092107952717307,-22.015035236871405,0.012538429122107625,0.0638,0.029075,0.230025,41.39923,39.63634,45.16998
2022,35,KS,False,-23.663286128856942,3,0.5377442307482647,-16.798483252107285,7.6898126843908265,0.01783602014992044,-15.12650673876394,0.049674849791190676,-18.74350110543202,0.023672957769545488,0.01705,0.00895,0.032975,39.78647,38.74438,41.30069
2022,35,KY,False,-23.619806488332383,1,0.33080412231502604,-22.922174776586292,8.606713510572126,0.007612484421327669,-14.774004147925481,0.11466597604510402,-26.950066344914365,0.00492269152106633,0.003175,0.002325,0.028425,39.66874,39.20658,41.90673
2022,35,MO,False,-13.652645873736839,7,0.5616184544391285,-12.735156033586263,7.576896405062221,0.04411815580989208,-10.909967062831948,0.10096290622692952,-15.073438334003141,0.048261149407978966,0.0299,0.012425,0.050075,41.34096,39.71867,42.91151
2022,35,NC,False,-3.299253218639858,23,0.7109182622952549,0.3167457202250099,6.828545307310193,0.520701006776287,1.4119481686032538,0.5841614427362761,-2.3766081652348716,0.3870810287372842,0.446275,0.317,0.4932,48.45014,47.37236,48.84431
2022,35,ND,False,-38.61430712798449,0,0.0,-34.246593471780834,9.897551682952601,0.001987642368010403,,0.0013488963784380082,-34.246593471780834,0.0013488963784380082,7.5e-05,5e-05,0.003775,25.65467,25.6203,30.89502
2022,35,NH,False,9.349948447759575,17,0.7144981516931899,11.648637298072009,6.809591900487364,0.9581696937823121,11.514106203042939,0.9451538087354813,11.985315394251042,0.9136031846970205,0.85335,0.835325,0.879325,52.76581,52.39992,52.82975
2022,35,NV,False,0.8018577855455222,22,0.6983376835878784,4.381856316351067,6.894738799744446,0.7580064532923207,3.180460147137314,0.6802242077108572,7.1630463166754526,0.8014462892502074,0.543625,0.5164,0.485775,48.87599,48.62705,48.38393
2022,35,NY,False,15.654730214578366,5,0.5486871577974931,27.012317673864207,7.638263882747538,0.998241557403062,27.821727637863102,0.9958494147747641,26.028271107690383,0.994156151625911,0.998075,0.99865,0.996625,60.80539,60.92663,59.79249
2022,35,OH,False,-6.114454849606799,22,0.6958326217328299,-1.4467588657943504,6.907843612976707,0.4074950956213591,1.2934557396824482,0.5757338895490822,-7.7154479142455195,0.18173045359689283,0.44745,0.294075,0.5261,49.59455,48.20378,50.22548
2022,35,OK,False,-33.40665086133071,2,0.5071762088704063,-31.236477549075513,7.8320119306503795,0.0008716658379062877,-27.668857185904773,0.0057447425605833624,-34.90799707197531,0.0012066706050755578,0.001,0.0006,0.002875,33.91059,33.82468,37.44639
2022,35,OK,True,-27.351724681729557,2,0.5073199726154625,-28.08872030733477,7.831349199861374,0.0016231894585812918,-25.31314936468942,0.008732220475646065,-30.94676710515247,0.002387323215331021,0.002775,0.00165,0.0116,36.47737,36.25429,39.57275
2022,35,OR,False,15.408528397166315,0,0.0,12.655930271785815,9.897551682952601,0.9109737699890647,,0.9236926345897071,12.655930271785815,0.9236926345897071,0.991875,0.994825,0.982275,56.94709,57.47323,56.67908
2022,35,PA,False,5.035095542957678,28,0.7163054937780903,5.022521780243432,6.80000302027439,0.7907335327174005,7.034419628855524,0.8486964107899805,-0.0573562232942475,0.49722993712383484,0.768725,0.72135,0.85075,51.30415,50.75618,51.79675
2022,35,SC,False,-25.896486784856158,2,0.4901865746861607,-18.391743453271026,7.909940760624182,0.013858585487958104,-21.724887400026375,0.01853018833783561,-15.186919231174251,0.047219771473200514,0.0021,0.001675,0.023275,38.86107,38.53939,41.28929
2022,35,SD,False,-45.394107217323736,2,0.423887434743391,-28.318486017726716,8.206969745530634,0.002018556784837236,-23.452944847017573,0.020504360066319213,-31.898414472457794,0.0020197812299834047,0.0012,0.000775,0.012575,33.31855,33.24181,37.96117
2022,35,VT,False,41.90937868850684,1,0.459873033416492,23.316793813076064,8.047110015039854,0.9949282149902811,16.17442427814162,0.9431973669245524,29.3979253747679,0.996852589639309,0.98,0.9868,0.907575,56.48737,57.02476,53.01244
2022,35,WA,False,14.550585979180894,15,0.7071547117044407,14.088273543480419,6.848414531838839,0.9775667402346837,12.603237195752104,0.9565508261591918,17.674298288698616,0.9708418002232964,0.932775,0.96765,0.926575,55.68803,57.00822,54.93871
2022,35,WI,False,-1.009120533967455,15,0.7121490203765284,-1.7071498331216302,6.822035107633948,0.38998181681810734,0.413829951698494,0.5249101695714076,-6.954495796556758,0.2051899933991226,0.388925,0.332875,0.4102,49.15807,48.71072,49.39616
2022,14,AL,False,-36.65298426281819,0,0.0,-25.772705780846145,9.587130309634734,0.007287117758470628,,0.005600680375169252,-25.772705780846145,0.005600680375169252,0.000225,0.000175,0.019725,32.47969,32.15165,37.51227
2022,14,AR,False,-35.782880140816665,2,0.5714490700168144,-26.276502135444723,7.1169564331222945,0.0013745850985081912,-22.442995716278684,0.008337109183517662,-31.388271880576,0.0019923725109946794,0.001775,0.00105,0.008675,35.02239,34.62226,38.35427
2022,14,AZ,False,4.9921475895780345,33,0.7655555324346607,5.934549446855709,6.052721338064958,0.8548200834193384,6.677981701583855,0.8663663652714255,3.506943960968574,0.6663606741262567,0.726125,0.736875,0.787075,50.86101,50.88042,51.04965
2022,14,CA,False,22.129006377004053,2,0.5545005005630704,23.2231675420228,7.2024201286485505,0.9970776109428775,23.018720522918763,0.991656917071041,23.477636906354522,0.9912956228647559,0.99945,0.99945,0.99655,62.22752,62.0589,61.9292
2022,14,CA,True,21.787140037865687,0,0.0,23.477636906354522,9.587130309634734,0.9888858134538541,,0.9912956228647559,23.477636906354522,0.9912956228647559,,,,,,
2022,14,CO,False,15.047246386477953,13,0.5965166601629924,12.180047772237993,6.988636546213842,0.9605113819033844,10.050670024843564,0.9007120257043156,15.328156198757506,0.9565225575154568,0.8631,0.881725,0.9042,51.88575,52.05384,52.14017
2022,14,FL,False,-16.587594994456364,40,0.594737641339137,-9.162714516415997,6.997820835356553,0.08450152836910484,-5.35710328385994,0.2387413274887248,-14.747591078312912,0.04872105838141553,0.181725,0.089375,0.14765,46.07336,44.66947,46.02901
2022,14,GA,False,2.8061109970786675,50,0.7689453419974723,5.544215794128332,6.03246809527067,0.8402177589087412,5.124952541523144,0.8076853339896907,6.939515624690253,0.7984923852574044,0.62055,0.52575,0.687725,50.42366,49.68264,50.63205
2022,14,HI,False,46.45313302387402,0,0.0,28.987889352304247,9.587130309634734,0.9959090898557478,,0.9969272681754495,28.987889352304247,0.9969272681754495,0.999575,0.999575,0.9921,65.60697,65.30959,63.36354
2022,14,IA,False,-12.196840548191476,11,0.7402015363273426,-9.24445660551258,6.202108020221485,0.06176766988353544,-7.097177825167532,0.12842841640765437,-15.362349027452208,0.043186134204753326,0.066675,0.0341,0.084225,44.35037,43.20723,45.76949
2022,14,ID,False,-35.72103182188978,0,0.0,-35.51566389935486,9.587130309634734,0.0013481205821603626,,0.0009764535483165426,-35.51566389935486,0.0009764535483165426,0.0002,0.000125,0.002225,27.76002,27.44933,28.65707
2022,14,IN,False,-21.49555103823967,2,0.5301001686409669,-14.424711985344185,7.323708337981947,0.026268816092454877,-5.736871332708634,0.24484213826334425,-24.22557908029132,0.007531683641203483,0.078975,0.026875,0.19145,42.44371,39.99754,44.66389
2022,14,KS,False,-23.663286128856942,3,0.5378199154353553,-19.48351668850848,7.285553684978258,0.007467620937708896,-18.219805813893366,0.02420363615844778,-20.954044948851934,0.01426741520783469,0.01125,0.00565,0.021675,39.2248,38.16284,40.78025
2022,14,KY,False,-23.619806488332383,1,0.3308041223150259,-25.48464474702632,8.247851581488593,0.003658251348211064,-18.04839847953541,0.07209342839021872,-29.160610188334285,0.0029771059791235304,0.001475,0.00115,0.02165,38.59367,38.05114,41.35027
2022,14,MO,False,-13.652645873736839,7,0.5619615607850925,-15.349199886257399,7.164923103924923,0.019244487665950702,-13.84107357623216,0.05204570594034415,-17.283982177423052,0.029537135720881402,0.0226,0.008225,0.037125,41.01173,39.32472,42.48229
2022,14,NC,False,-3.299253218639858,28,0.7575312438470095,-2.0147481090085466,6.100396432688099,0.3564335255932703,-1.1913793318967039,0.4193703569893788,-4.587152008654785,0.28776992951680624,0.323275,0.2225,0.325375,47.64275,46.76283,47.80431
2022,14,ND,False,-38.61430712798449,0,0.0,-36.45713731520075,9.587130309634734,0.0011572259487595655,,0.0008346001722135901,-36.45713731520075,0.0008346001722135901,2.5e-05,2.5e-05,0.0024,25.67411,25.36783,29.83012
2022,14,NH,False,9.349948447759575,21,0.7581763540658971,8.22850632434039,6.096577389580766,0.9211329705448236,7.735318304632496,0.8954929879308384,9.77477155083113,0.8755901979903021,0.7929,0.77615,0.794225,51.82703,51.5693,51.64314
2022,14,NV,False,0.8018577855455222,31,0.7673230010109041,1.443717579289721,6.042169637117386,0.6051927143282401,0.37974121190511034,0.5262660817899653,4.952502473255539,0.7269092444795493,0.51965,0.469575,0.478375,48.80653,48.41169,48.49911
2022,14,NY,False,15.654730214578366,9,0.6034579203508267,20.005997329689073,6.952685868343931,0.9947502519366472,17.501247181673484,0.9805248296719329,23.81772726427047,0.9918508458432271,0.993525,0.995725,0.995925,58.20004,58.53962,57.42767
2022,14,OH,False,-6.114454849606799,37,0.769707162595628,-3.0206815665390465,6.027907047458516,0.28937741787258636,-0.954644566559523,0.43404239950879614,-9.925991757665434,0.12108907143724325,0.3434,0.230725,0.369225,48.69532,47.67155,49.11698
2022,14,OK,False,-33.40665086133071,7,0.5898699682421029,-29.078614323514945,7.0228890919079925,0.0006943626475784313,-23.488542738270844,0.005905223907923021,-37.11854091539522,0.0007483980520440037,0.003,0.0016,0.00695,36.22715,35.76453,39.53943
2022,14,OK,True,-27.351724681729557,7,0.5900464997855563,-23.55844105856869,7.021981527812431,0.0023574009994340524,-16.88932208075898,0.023966827603471633,-33.15731094857239,0.0014603593593079018,0.007875,0.00405,0.016425,38.36324,37.62358,41.25038
2022,14,OR,False,15.408528397166315,0,0.0,10.445386428365902,9.587130309634734,0.8780788916292398,,0.8897526885934055,10.445386428365902,0.8897526885934055,0.98905,0.99425,0.9874,55.93161,56.73795,55.86368
2022,14,PA,False,5.035095542957678,37,0.7734074471612172,2.4604855713271303,6.005704035968921,0.6755993311205628,3.845805788326121,0.7465427284352757,-2.267900066714161,0.39012822501149047,0.627575,0.5933,0.689825,49.89551,49.60232,50.18742
2022,14,SC,False,-25.896486784856158,2,0.4901999244792008,-20.821286436386124,7.517827954925631,0.006324732511714886,-24.38200793234686,0.010075217267000678,-17.397463074594164,0.028879445641666886,0.001075,0.000675,0.0168,38.18898,37.69088,40.78034
2022,14,SD,False,-45.394107217323736,3,0.5307897035612364,-32.8963187795719,7.3203084173510335,0.0004167421697985885,-31.82436325276736,0.00191894780664445,-34.10895831587771,0.0012394395345145472,0.000575,0.000425,0.0059,32.97873,32.63991,36.96979
2022,14,VT,False,41.90937868850684,2,0.54665169523482,28.972085558768747,7.241656289913844,0.9991445350894604,30.452173432622743,0.9978565720330794,27.187381531347988,0.9957109721247922,0.996075,0.997025,0.98715,58.02784,57.99958,56.91857
2022,14,WA,False,14.550585979180894,22,0.7634186084231317,11.01110095429213,6.065454157260121,0.9653279612461687,9.631235507623142,0.9375931894054652,15.4637544452787,0.9576667823385259,0.907975,0.92275,0.919075,54.55634,54.70891,54.16134
2022,14,WI,False,-1.009120533967455,19,0.7458186033086855,-4.737395740618455,6.169323988533753,0.20055744967602723,-3.228416606284835,0.2954084558706076,-9.165039639976673,0.13857691220646282,0.290875,0.243125,0.300775,48.33479,47.93281,48.58955
2022,1,AL,False,-36.65298426281819,1,0.5396951381546794,-29.159076150261214,6.94843504103504,0.0006394160956756265,-31.817098319507018,0.0015044832331244343,-26.0426162543165,0.004944165470529917,0.000125,7.5e-05,0.000625,33.6117,33.3354,34.93549
2022,1,AR,False,-35.782880140816665,3,0.5913014250718576,-28.7029449768444,6.674913537927447,0.0005497439949855099,-26.66032973286788,0.0025456117643768,-31.658182354046353,0.0017473577164315223,0.000525,0.000375,0.000775,34.00848,33.70982,35.38934
2022,1,AZ,False,4.9921475895780345,58,0.8233344735654993,3.60383572157766,5.272600297510999,0.7736374390010299,3.682541656846432,0.7681416295011055,3.2370334874982203,0.6565318396601251,0.65645,0.66205,0.6875,50.21468,50.21118,50.25078
2022,1,CA,False,22.129006377004053,4,0.6147581258194224,22.334686332063136,6.546812840907083,0.99784994562364,21.787590505998548,0.9940613630410853,23.20772643288417,0.9914234513456882,0.999175,0.9993,0.996675,61.17336,61.1772,60.36451
2022,1,CA,True,21.787140037865687,0,0.0,23.20772643288417,9.340766925416473,0.9895683500268521,,0.9914234513456882,23.20772643288417,0.9914234513456882,,,,,,
2022,1,CO,False,15.047246386477953,19,0.8072884679169758,12.723411320833483,5.381350229938759,0.9870794912928725,12.1660522935165,0.9807220857574819,15.058245725287152,0.9561336786761516,0.8963,0.913225,0.925175,52.31319,52.51178,52.46973
2022,1,FL,False,-16.587594994456364,52,0.8134074546273805,-8.974163883660095,5.340140757388738,0.044139967153435655,-7.58784543817953,0.07887267603250084,-15.017501551783266,0.04422420026760839,0.088875,0.0472,0.049525,45.11013,44.16698,44.95679
2022,1,GA,False,2.8061109970786675,73,0.8252958717101049,2.6469590793873596,5.25915291318579,0.7114347181647209,1.7954185598133907,0.6418143002553192,6.6696051512198995,0.7929201720378756,0.462625,0.368125,0.47455,49.286,48.65626,49.33089
2022,1,HI,False,46.45313302387402,0,0.0,28.717978878833893,9.340766925416473,0.996245833171647,,0.9970151113300901,28.717978878833893,0.9970151113300901,0.9998,0.999825,0.996125,65.89153,65.65264,65.60963
2022,1,IA,False,-12.196840548191476,14,0.7804061441650365,-10.09396364994711,5.5587762034517105,0.034642081071388324,-8.535575431500064,0.06801011144727062,-15.632259500922562,0.03911185412852541,0.037875,0.027525,0.039275,43.84499,43.62936,44.90093
2022,1,ID,False,-35.72103182188978,0,0.0,-35.78557437282522,9.340766925416473,0.001107629038343443,,0.0008538836441731653,-35.78557437282522,0.0008538836441731653,5e-05,2.5e-05,0.000725,27.42427,27.17593,25.5203
2022,1,IN,False,-21.49555103823967,3,0.5933551837603759,-15.46969900359117,6.663796007447423,0.013950354947642575,-9.284043193809532,0.1093813700677829,-24.495489553761672,0.006665551177792267,0.04225,0.01455,0.1151,42.06463,40.01573,44.02174
2022,1,KS,False,-23.663286128856942,4,0.5951870373725847,-20.13198057572426,6.653864033503832,0.004077200362581377,-19.389280306717485,0.0116845187373129,-21.223955422322287,0.012710683144390542,0.001725,0.001125,0.004625,37.80158,37.23878,38.31255
2022,1,KY,False,-23.619806488332383,1,0.3308041223150258,-25.68401515135654,7.960145406416972,0.002911657944918475,-18.105070772518534,0.06908196179888407,-29.430520661804632,0.0026166703841772115,0.00125,0.000825,0.0137,38.50412,38.04246,40.49726
2022,1,MO,False,-13.652645873736839,12,0.7974780000533832,-12.051731781165325,5.44677005504771,0.016956613224096733,-10.654441042999814,0.03292884787893908,-17.553892650893406,0.026578318079069116,0.03435,0.008475,0.02555,42.79091,40.57932,43.62782
2022,1,NC,False,-3.299253218639858,37,0.8138566307505961,-2.429701177810011,5.337103159871517,0.30668490950404603,-1.874520824786249,0.3550286292083499,-4.857062482125139,0.2740013535734482,0.254625,0.17735,0.23345,47.40308,46.73486,47.43476
2022,1,ND,False,-38.61430712798449,0,0.0,-36.72704778867111,9.340766925416473,0.0009493749395287945,,0.0007294711589990531,-36.72704778867111,0.0007294711589990531,0.0,0.0,0.000675,25.35884,25.1134,26.81601
2022,1,NH,False,9.349948447759575,32,0.8207548132502307,6.543147379726953,5.290234457136525,0.9044525229730944,5.8963367655687,0.8725670065113531,9.504861077360776,0.8727171046973929,0.692275,0.723125,0.702875,50.73336,50.94236,50.5839
2022,1,NV,False,0.8018577855455222,47,0.8134406581527769,1.297859449170686,5.339916274441033,0.6069493737894772,0.5215846580808647,0.5413391710911547,4.682591999785185,0.7189260759493998,0.456325,0.485575,0.415375,48.40851,48.63422,48.21178
2022,1,NY,False,15.654730214578366,18,0.7995970342481842,20.98284711556339,5.432706254295318,0.9989442190835809,20.339988890777427,0.9982324053057265,23.547816790800116,0.9919780608555546,0.9954,0.9975,0.998675,58.12801,58.59597,57.66694
2022,1,OH,False,-6.114454849606799,52,0.8182823045525528,-5.015902968707742,5.307081151239873,0.15344750970607682,-3.8655694919223498,0.22322538208545303,-10.195902231135788,0.11221505327359776,0.170025,0.12355,0.140525,47.32084,46.84105,47.4654
2022,1,OK,False,-33.40665086133071,11,0.7923524742600886,-25.466947677570314,5.480638400222624,0.00033658602880123526,-22.34274370375012,0.0011033522472073335,-37.38845138886558,0.0006539172039716052,0.0012,0.000875,0.001,35.89127,35.53605,37.76296
2022,1,OK,True,-27.351724681729557,11,0.7922450148426039,-18.740238718964157,5.481346228688352,0.002124499847955266,-14.888786432967471,0.009222281282347063,-33.427221422042734,0.0012789717859194958,0.0049,0.00235,0.004975,38.62805,37.95158,40.40338
2022,1,OR,False,15.408528397166315,0,0.0,10.175475954895548,9.340766925416473,0.8780472294071785,,0.8873622880131186,10.175475954895548,0.8873622880131186,0.9946,0.996775,0.992575,56.38925,57.15063,56.36666
2022,1,PA,False,5.035095542957678,57,0.8190087449395553,0.8623395593109553,5.302137027505198,0.5721454900776966,1.6137325544455783,0.6267597739459143,-2.537810540184515,0.37576960918879254,0.535075,0.428075,0.5546,49.23909,48.53246,49.31409
2022,1,SC,False,-25.896486784856158,2,0.49026280403264855,-20.76722789255323,7.200698304031169,0.005190482265061386,-23.99021574410899,0.00967401831493262,-17.667373548064518,0.025977315892030027,0.000925,0.0007,0.011625,38.11987,37.69741,40.25529
2022,1,SD,False,-45.394107217323736,4,0.59134779805308,-32.94877049768652,6.674662713247273,0.0002271749026348941,-31.96049791459395,0.0009015729252362353,-34.37886878934806,0.0010847819654282917,0.000125,7.5e-05,0.000475,32.66928,32.40099,34.13424
2022,1,VT,False,41.90937868850684,3,0.5938956444074986,31.217136526616443,6.660867269159999,0.9996814568823122,34.15723701546161,0.9994136775657508,26.917471057877634,0.9958152370225004,0.999625,0.999675,0.9983,60.38703,60.23669,60.49111
2022,1,WA,False,14.550585979180894,27,0.7909201187955922,9.753599240024716,5.490065737329775,0.9628285491716014,8.315469528548515,0.930551697360981,15.193843971808347,0.9573047545361255,0.885375,0.917475,0.8829,53.87787,54.34333,53.38544
2022,1,WI,False,-1.009120533967455,32,0.8157513336779613,-3.071836642284363,5.3242709730775575,0.2620114686874799,-1.6346398859743667,0.3723589189025764,-9.434950113447027,0.12889742563102755,0.263775,0.188925,0.250975,48.25367,47.59306,48.36737
