cycle,st,m,poll,fund,k
2014,AK,-2.270496383213277,-1.7440755028884374,-6.329686757316068,17
2014,AR,-17.791666102906174,-4.207074188704829,-24.26671557687194,17
2014,CO,-2.0584058661040383,-2.601072113785719,8.171394387211464,34
2014,DE,13.871482233591019,22.502568413187635,25.342307324349047,4
2014,GA,-7.831874164069302,-2.1480590134824147,-10.395554668063118,31
2014,HI,43.15741242862487,47.723875741117126,34.187247243592694,6
2014,IA,-8.698964398007286,-1.98941765993494,1.951194010724124,43
2014,ID,-30.656723928906374,-32.225498079156615,-42.11853086917601,3
2014,IL,11.277308796972688,15.86128935054778,23.468419214035674,9
2014,KY,-15.960574494155525,-5.537509107104768,-24.908088247312552,20
2014,MA,23.92023801403914,24.941282857584547,17.017071519349525,13
2014,ME,-36.97684009679359,-33.741738839785775,-7.7728521084475855,8
2014,MI,13.84702192054782,10.222959958466571,6.124991104783078,30
2014,MN,10.663790458498124,12.16240523469262,16.974617369528662,9
2014,MT,-18.106180556131232,-18.494797339553447,-13.11909466349179,5
2014,NC,-1.6283279362778527,2.1243251657408586,4.955107417870332,39
2014,NH,3.2550854930107227,3.4352808541451036,7.516240164975401,34
2014,NJ,13.762755678923343,15.848266422556483,10.644793513907718,8
2014,NM,11.117620357474015,14.343832115863908,10.976265696418915,7
2014,OR,20.370419629609927,20.523051015373888,15.945520851059888,8
2014,RI,41.40580795867985,47.33609027679503,26.38862427907616,3
2014,SD,-26.113702245101862,-18.81037716416339,-17.461293486366102,14
2014,TN,-32.00774883825659,-23.075821237585945,-32.28123357488903,4
2014,TX,-28.350913831561826,-25.067984360774677,-23.515958852337654,5
2014,VA,0.8324071060998579,13.480561525263845,7.025318878640819,12
2014,WV,-28.632069012734494,-20.882230545151895,-24.003906102361974,3
2016,AR,-24.598667778419816,-19.951188249848805,-22.71900038309072,6
2016,AZ,-13.7218303024624,-11.079888449812982,-11.586774191319172,15
2016,CO,6.008906322746699,10.206156521600434,11.873278281380927,22
2016,FL,-7.961156507461697,-5.785572703355589,1.1974994006637054,49
2016,GA,-14.350834098061535,-13.149532917069283,-10.239736589991086,19
2016,IA,-25.520530110127844,-18.804742804748816,-2.203114608625158,12
2016,ID,-40.91980428894684,-29.58314074609969,-29.568902330938467,3
2016,IL,15.93510275448512,12.162054592528515,7.104786118393078,10
2016,IN,-10.261338057669212,0.2798953962666804,-5.932594973183514,10
2016,KS,-31.708562775825545,-31.268790432599364,-29.9461701649235,6
2016,KY,-14.549104429230917,-9.426740611411836,-19.29786186597428,4
2016,MD,26.11051851041458,34.95902722706846,22.420260860728995,4
2016,MO,-2.9215375759055466,0.062264530222626756,-13.146959461396968,14
2016,NC,-5.907120107897773,-1.4095254274562756,-6.5810188799657805,42
2016,NH,0.14358707913949406,1.0303073567968477,-7.106588513373124,30
2016,NV,2.646319389070401,-0.2651223332985251,7.295430484626501,32
2016,NY,47.022493499301724,46.01786022168508,38.659053057991095,6
2016,OH,-21.926780992967416,-16.444334733637184,-6.945056993130889,31
2016,OR,25.85164201625646,27.43314553483572,19.796763826067465,4
2016,PA,-1.4903603649758266,1.9372558655632086,-0.4129848857946212,41
2016,SD,-43.65572315882875,-31.476933627667307,-13.195160515514788,5
2016,UT,-43.15709392342182,-37.06128402915353,-42.76322167519701,9
2016,VT,29.946599972962012,43.70798477327687,39.07416360531121,4
2016,WA,18.02602089157489,20.192675014741035,19.89820415309035,7
2016,WI,-3.4665288484603503,4.4162692449441465,-1.6458584685499407,19
2018,AZ,2.402957486136784,1.215734845086931,3.2115104052133563,30
2018,CT,18.146665446729493,19.37989111880114,28.677680305705177,4
2018,FL,-0.12251835607793257,1.5486984197506983,15.302730342259544,48
2018,IN,-6.162903216195068,0.4611820998089846,1.0028698225361543,16
2018,MA,25.038879177334596,30.23588914508503,42.56569185145723,6
2018,MI,6.637138311355607,14.436608544627726,19.687138098376273,17
2018,MO,-5.99663324974175,-1.6013178406701323,2.619769127960378,22
2018,MT,3.656915843777241,5.66348487490738,-3.431360343140077,11
2018,ND,-10.90541074249605,-10.554572462110286,-13.338465675426594,6
2018,NJ,11.544410589867935,7.8777596516215285,29.495172605843997,14
2018,NM,27.83688334059555,29.640892427998537,22.92674052906463,8
2018,NV,5.247548248472789,-0.4676606962976626,0.7058583471488804,16
2018,NY,36.91353586849846,29.5485121081194,44.3978063070228,4
2018,OH,6.84734253901348,15.668010381567504,7.086109477531657,13
2018,PA,13.085564092459117,17.91568718321523,12.233839578765323,8
2018,RI,23.15947411265822,24.007516656184535,37.70387533306104,4
2018,TN,-10.93720415394411,-3.659230944651919,-15.571405484145016,20
2018,TX,-2.5874814972216487,-5.02722450747905,-8.999397072960088,22
2018,WI,10.837125004562045,12.324664122420051,12.639661962137026,9
2018,WV,3.3894179136536122,6.919436001585733,-10.956970921264386,12
2020,AK,-13.359036716293968,-2.567134291716301,-11.353563108622291,9
2020,AL,-20.392950824067242,-12.306306452666552,-20.66368005511737,10
2020,AZ,2.349522737355283,7.397932083293452,-1.7186673467220075,58
2020,CO,9.54316988577507,10.396815826800662,-0.9266837143745423,11
2020,IA,-6.7992463527622204,2.2426373292461155,-17.17729415652527,22
2020,KS,-12.037934823761901,-3.0066687007294615,-16.517622570272046,11
2020,KY,-20.348541061255716,-10.742217809440453,-22.726111138265413,8
2020,MA,33.376306082124145,29.59990488080376,28.57661019569445,3
2020,ME,-9.207078868510646,5.396634480140758,-13.317520113470888,12
2020,MI,1.7172850548123317,6.906714074104367,8.084545632020646,56
2020,MN,5.67945742304279,10.02320314374295,12.750409044924552,18
2020,MT,-10.024321499512084,-1.180585671419497,-21.150287371643458,10
2020,NC,-1.8266039392516145,4.879062918348587,-3.8887593482542315,64
2020,NH,16.02932792111268,16.285574887291492,11.312005529343587,11
2020,NJ,16.615139632373694,28.327796764704477,16.73203167354589,4
2020,NM,6.271235410978694,10.343618513323984,11.407069731748674,3
2020,OK,-31.525022113596386,-23.048320667126347,-39.0941193879478,3
2020,SC,-10.415832481506795,-0.721888968395317,-18.850758006964373,18
2020,TX,-9.89904206207535,-6.242584333940209,-9.279448701440657,29
2020,VA,12.095828412713526,16.069699502194837,13.475150430393764,12
2022,AR,-35.782880140816665,-25.732662299826476,-30.541065827295,3
2022,AZ,4.9921475895780345,4.072356326478379,4.354150014249594,40
2022,CO,15.047246386477953,9.688059912743675,16.175362252038532,13
2022,FL,-16.587594994456364,-6.2847434596883796,-13.900385025031927,20
2022,GA,2.8061109970786675,1.3761928292510575,7.786721677971286,48
2022,IA,-12.196840548191476,-9.326510846603936,-14.515142974171201,9
2022,MO,-13.652645873736839,-11.97802368249168,-16.436776124142042,6
2022,NC,-3.299253218639858,-2.6977054728112826,-3.739945955373783,20
2022,NH,9.349948447759575,4.9922735517355035,10.621977604112146,20
2022,NV,0.8018577855455222,-0.7125890694721737,5.799708526536563,29
2022,NY,15.654730214578366,18.355701348312227,24.664933317551483,13
2022,OH,-6.114454849606799,-2.048879401311864,-9.078785704384426,27
2022,OR,15.408528397166315,17.68448439075447,11.2925924816469,5
2022,PA,5.035095542957678,2.2035857724364583,-1.4206940134331592,38
2022,SD,-45.394107217323736,-27.930160656229987,-33.2617522625967,3
2022,WA,14.550585979180894,6.831841151893917,16.310960498559698,16
2022,WI,-1.009120533967455,-2.7734329468424064,-8.31783358669568,25
